													
													
													
													
													
													
													
													
													
													
													
													
													
													
													
													
													
	Category	Tonnes	Fe %	P %	SiO2 %	Al2O3 %	LOI %	S %					
Snark	Indicated	"7,320,000"	55.1	0.07	8.4	4.4	7.7	0.15					
	Inferred	"4,110,000"	55.1	0.07	8.7	4.2	7.6	0.12					
Drabble Downs	Indicated	"1,310,000"	53.5	0.06	8.1	5.4	9	0.36					
	Inferred	"1,380,000"	55.9	0.06	5.9	4.6	8.7	0.35					
Banjo - Lost World	Inferred	"5,500,000"	55.7	0.07	8.1	4.7	7.1	0.15					
Central	Inferred	"4,800,000"	55.2	0.06	8.2	4.5	8	0.14					
Total	Indicated	"8,630,000"	54.8	0.07	8.3	4.6	7.9	0.19					
	Inferred	"15,800,000"	55.4	0.07	8.1	4.5	7.6	0.16					
Product	Mass	Fe	SiO2	Al2O3	P	S	LOI-1000	CaFe					
	(%)	(%)	(%)	(%)	(%)	(%)	(%)	(%)					
"Snark deposit
Lump"	35.8	60.2	3.6	2.1	0.102	0.13	7.9	65.4					
Fines	64.2	58.9	5.5	3.04	0.081	0.132	6.8	63.2					
Feed	100	59.4	4.8	2.7	0.089	0.131	7.2	64					
"Banjo deposit
Lump"	52	59	5	2.9	0.06	0.1	7.1	63.5					
Fines	48	55.2	8.3	4.84	0.06	0.14	7	59.4					
Feed	100	57.2	6.6	3.8	0.06	0.12	7.1	61.5					
Area	"Mineable
Quantity (Mt)"	"Grade
(% Fe)"	"Calcined
Grade
(% CaFe)"	"Waste
(Mt)"	"Strip Ratio
(t:t)"								
Snark	5.8	55.9	60.5	16.7	2.9:1								
Banjo	2.6	56.1	60.3	6	2.3:1								
Central	2.1	55.7	60.6	7.1	3.4:1								
Total	10.5	55.9	60.5	29.8	2.8:1								
													
													
													
	Costs (AU$m)												
Direct	93.5												
Indirect	16.8												
Contingency	23.4												
Total	133.7												
	AU$/t												
Operation													
	Shipped												
Mining	14.1												
Processing	2.5												
Road Haulage	14.4												
Rail Haulage	26.3												
Port	8												
Indirects	2												
Total	67.3												
"Discount Rate
%pa"	"Sales
Mt"	"Pre-tax NPV
A$m"	"IRR
%"	"Payback
(Yrs)"									
8	10.5	248	62	3									
10	10.5	227	62	3									
													
													
													
Title ID	Status	Area (Ha)	Grated Date	Expiry Date	"Rent
(AUD)"	Comment							
SNARK PROSPECT													
M30/0213	Live	894	13-Jun-11	12-Jun-32	"13,410"	Iron Ore Rights							
M30/0214	Live	894	13-Jun-11	12-Jun-32	"13,410"	Iron Ore Rights							
M30/0243	Live	"1,253"	02-Jun-09	01-Jun-30	"18,795"	Iron Ore Rights							
E30/0240	Live	39	23-Oct-00	22 Oct 2011* **	"17,687"	Iron Ore Rights							
M30/0249	Pending	"3,821"				Iron Ore Rights							
DRABBLE DOWNS PROSPECT													
M30/0216	Live	893	13-Jun-11	12-Jun-32	"13,395"	Iron Ore Rights							
M30/0217	Live	893	13-Jun-11	12-Jun-32	"13,395"	Iron Ore Rights							
E30/0321	Live	12	08-Aug-07	07-Aug-12	"2,118"	Iron Ore Rights							
E30/0349	Pending	5			567.5								
P30/1083	Live	115	27-Oct-09	26-Oct-13	253	Iron Ore Rights							
CENTRAL PROSPECT													
M30/0216	Live	893	13-Jun-11	12-Jun-32	"13,395"	Iron Ore Rights							
M30/0217	Live	893	13-Jun-11	12-Jun-32	"13,395"	Iron Ore Rights							
E30/0321	Live	12	08-Aug-07	07-Aug-12	"2,118"	Iron Ore Rights							
E30/0349	Pending	5			567.5								
P30/1083	Live	115	27-Oct-09	26-Oct-13	253	Iron Ore Rights							
BANJO PROSPECT													
M30/0206	Live	893	02-Jul-07	01-Jul-28	"13,395"	Iron Ore Rights							
M30/0227	Live	595	13-Jun-11	12-Jun-32	"8,925"	Iron Ore Rights							
M30/0228	Live	595	02-Jul-07	01-Jul-28	"8,925"	Iron Ore Rights							
M30/0229	Live	892	02-Jul-07	01-Jul-28	"13,380"	Iron Ore Rights							
LOST WORLD PROSPECT													
M30/0206	Live	893	02-Jul-07	01-Jul-28	"13,395"	Iron Ore Rights							
M30/0229	Live	892	02-Jul-07	01-Jul-28	"13,380"	Iron Ore Rights							
RAIL SIDING													
MP29/1895	Live	117	17-Apr-07	16-Apr-15	270.27								
													
													
													
Applicable Tenement	Condition												
"The follow conditions apply
to all the licences"	"•	All surface holes drilled for the purpose of exploration are to be capped,
filled or otherwise made safe after completion.
•	All costeans and other disturbances to the surface of the land made as a
result of exploration, including drill pads, grid lines and access tracks, being
backfilled and rehabilitated to the satisfaction of the Environmental Officer,
Department of Industry and Resources (DoIR).	Backfilling and
rehabilitation being required no later than 6 months after excavation unless
otherwise approved in writing by the Environmental Officer, DoIR.
•	All waste materials, rubbish, plastic sample bags, abandoned equipment and
temporary buildings being removed from the mining tenement prior to or at
the termination of exploration program.
•	Unless the written approval of the Environmental Officer, DoIR is first
obtained, the use of scrapers, graders, bulldozers, backhoes or other
mechanised equipment for surface disturbance or the excavation of costeans
is prohibited. Following approval, all topsoil being removed ahead of
mining operations and separately stockpiled for replacement after backfilling
and/or completion of operations."												
E30/240	Portions of these licences are overlain by the Mt. Manning Nature Reserve. This												
E30/321	"reserve was granted in April 2000, and is identified by Western Australian
Government reference number 36208. The iron mineralisation of the Ularring"												
E30/349	Hematite Project does not encroach on the nature reserve (Figure 4-2).												
M30/213	"There are no heritage agreements in place as there are no registered native title
claimants within the project tenements."												
1V130/22 /													
P30/1083													
E30/240	• The construction and operation of the project and measures to protect the												
E30/321	"environment being carried out generally in accordance with the document
titled:
-	""Notice of Intent - Low Impact Mining Operation - Costeaning on
Exploration Licence 30/240"" dated 16 September 2003 and signed
by Mr Troy - Dalla-Costa and retained on Department of Industry
and Resources File No. 7173/99;
-	""Programme of Work on M30/243, E30/240, E30/230 for
Internickel Australia Pty Ltd"" (Reg ID 29205) dated 9 December
2010 signed by Andrew Spinks and retained on Department of
Mines and Petroleum File No. EARS-POW-29205
• Where a difference exists between the above document(s) and the following
conditions, then the following conditions shall prevail."												
	"-	The development and operation of the project being carried out in
such a manner so as to create the minimum practicable disturbance
to the existing vegetation and natural landform.
-	All topsoil being removed ahead of all mining operations from sites
su"												
E30/240	"•	The prior written consent of the Minister for Mines being obtained before
commencing mining on Conservation of Flora & Fauna Reserve 36208.
•	The land the subject of this Licence affects a Rare Flora site or sites declared
under the Wildlife Conservation Act 1950. The Licensee is advised to
contact the Department of Conservation and Land Management for detailed
information on the management of Declared Rare Flora present within the
tenement area."												
E30/240	• The Licensee's attention is drawn to the Minister's requirement that the												
M30/243	"holder of this Licence lodge security in the form of an Unconditional
Performance Bond for due compliance with environmental conditions in the
sum of: $20,000."												
all the Mining Licences	"Prior to lodgement of a Programme of Work (PoW), the lessee preparing a
Conservation Management Plan (CMP) to address the conservation impacts of
the proposed activities and submitting the CMP to the relevant Regional
Manager of the Department of Environment and Conservation (DEC). This CMP
shall be prepared pursuant to DEC-prepared ""Guidelines for Conservation
Management Plans Relating to Mineral Exploration on Lands Managed by the
Department of Environment and Conservation"" to meet the requirements of the
Minister for Environment for acceptable impacts to conservation estate. A copy
of the CMP and of DEC's decision on its acceptability under the guidelines is to
accompany the lodgement of the PoW application with the Department of Mines
and Petroleum."												
M30/206	At least five working days prior to accessing the reserve or proposed reserve												
M30/213	"area, unless otherwise agreed with the relevant Regional Manager of the
Department of the Environment and Conservation (DEC-R), the holder"												
M30/216	"providing the DEC-R with an itinerary and programme of the locations of
operations on the lease area and informed at least five days in advance of any"												
	changes to that itinerary. All activities and movements shall comply with												
M30/229	"reasonable access and travel requirements of the DEC-R regarding
seasonal/ground conditions"												
E30/240	The follow conditions apply to No interference with Geodetic Survey Station												
M30/227	"NMF 395 and mining within 15 metres thereof being confined to below a depth
of 15 metres from the natural surface."												
M30/243													
"M30/206,"	"• The lessee submitting to the Director of Environment, Department of Mines"												
"M30/213,"	"and Petroleum (DMP), and to the relevant Regional Manager, Department of
the Environment and Conservation (DEC-R) a project completion report"												
"M30/214,"	outlining the project operations and rehabilitation work undertaken in the												
"M30/216,"	"programme. This report is to be submitted within six months of completion
of the exploration activities."												
M30/217	"• All Mining Proposals submitted for the commencement, alteration or
expansion of operations within the tenement boundary are to contain
information that demonstrates the proponent has genuinely engaged with the"												
													
													
													
													
													
				\									
													
													
				V									
													
													
													
Type	Drill Holes	Meters	Max Depth (m)										
Diamond	7	523	127										
Open Hole Percussion	15	658	60										
Total	22	"1,181"											
Company	Type	Tenement	Holes Drilled	Metres Drilled									
Aztec	Rotary Air Blast	"E30/99, E30/100"	80	"3,442"									
Battle Mountain	Rotary Air Blast	E30/99	41	"1,897"									
Total			121	"5,339"									
													
													
													
													
													
													
													
													
													
													
													
	RC		Diamond										
Row Labels	Holes	Metres	Holes	Metres									
	Drilled		Drilled										
Banjo North	48	"3,720"	1	63									
Central	58	"3,531"											
Lost World	10	852											
Moonshine	64	"8,861"											
Snark	578	"35,137"	11	575.4									
Drabble Downs	49	"2,510"											
Grand Total	807	"54,611"	12	638									
	RC		Metres analysed for										
Row Labels	Holes	Metres	XRF Fe suite whole										
	Drilled		rock only										
Banjo North	49	"3,783"	"2,538"										
Central	58	"3,531"	"2,447"										
Lost World	10	852	572										
Moonshine	64	"8,861"	"1,661"										
Snark	589	35712.4	"20,641"										
Drabble Downs	49	2510	2131										
Grand Total	819	"55,249"	"29,990"										
													
													
													
													
													
													
													
CRM Code	Element	Expected Mean (%)	STDEV										
GIOP-45	Fe	59.93	0.128										
	Al2O3	2	0.031										
	SiO2	4.99	0.045										
	P	0.05	0.001										
	LOI	6.6	0.069										
GIOP-64	Fe	56.32	0.217										
	Al2O3	2.6	0.04										
	SiO2	8.07	0.099										
	P	0.037	0.001										
	LOI	5.5	0.058										
													
													
													
60		/		"X Orig.Fe%
Y Dup.Fe%
Orig.Fe% Dup.Fe%
Mean	30.22	30.23
Var	26685	266.94
SD	16.34	16.34
Pairs	1106
Corr Coefficient 1.00
Regression y=Ax + B
Coefficient A 1.0000
Coefficient B 0.0081
FRatio 1.0003
10% QAQC Limits
0 2% fall outside 10% QAQ
CSA
Snark September 2011
Correlation Analysis
Orig.Fe% vs Dup.Fe%
Ultratrace
22/09/2011"									
40	/												
"Dup.Fe%
20 /)"	o / dr												
	"20	OriaFe%"	40											
													
													
Testwork		Composite Data											
"Snark DSO grade sample
Assay"	Fe Grade	59.40%											
	SiO2 Grade	4.80%											
	Al2O3 Grade	2.71%											
	P Grade	0.09%											
	S Grade	0.13%											
	LOI Grade	7.20%											
In Situ SG		3.1											
Unconfined Compressive Strength		15.5 MPa											
Bond Crushing Work Index		4.5 kWhr/t											
Abrasion Index		0.07											
"Banjo DSO grade sample
Assay"	Fe Grade	57.20%											
	SiO2 Grade	6.60%											
	Al2O3 Grade	3.87%											
	P Grade	0.07%											
	S Grade	0.13%											
	LOI Grade	7.20%											
In Situ SG		2.6											
Unconfined Compressive Strength		38.1 MPa											
Bond Crushing Work Index		3.7 kWhr/t											
Abrasion Index		0.07											
Snark Beneficiation grade sample													
"Assay	Fe Grade"	53.60%												
SiO2 Grade	12.90%												
Al2O3 Grade	2.69%												
P Grade	0.08%												
S Grade	0.14%												
LOI Grade	7.20%												
In Situ SG	3												
Unconfined Compressive Strength	11.3 MPa												
Bond Crushing Work Index	4.6 kWhr/t												
Abrasion Index	0.12												
Sample Number	Sample Description	Mass (g)	Result										
PE058997.001	Snark High Grade Composite	530 g	No asbestos detected										
S121049 -051	Banjo Drillhole samples	>400g ea	"No asbestos detected
Organic fibres detected"										
PE059637.001	"Snark Low grade Comp, -8mm head"	970 g	"No asbestos detected
Organic fibres detected"										
Product	"Mass
(%)"	"Fe
(%)"	"S1O2
(%)"	"Al2O3
(%)"	"P
(%)"	"S
(%)"	"LOI-1000
(%)"	"CaFe
(%)"					
"Snark Deposit
Lump"	35.8	60.2	3.6	2.1	0.102	0.13	7.9	65.4					
Fines	64.2	58.9	5.5	3.04	0.081	0.132	6.8	63.2					
Feed	100	59.4	4.8	2.7	0.089	0.131	7.2	64					
"""Banjo Deposit"													
Lump													
"Fines"""	"52.0
48.0"	"59.0
55.2"	"5.0
8.3"	"2.90
4.84"	"0.06
0.06"		"7.1
7.0"	"63.5
59.4"					
Feed	100	57.2	6.6	3.8	0.06		7.1	61.5					
	Mass	Fe	SiO2	Al2O3	P	S	LOI-1000	CaFe					
Size range mm	(%)	(%)	(%)	(%)	(%)	(%)	(%)	(%)					
"-8.0, +4.0"	34.7	52.8	14.7	2.12	0.075	0.098	6.9	56.8					
"-4.0, +1.0"	29.7	54.3	11.2	2.82	0.089	0.147	7.6	58.8					
-1	35.7	53.6	12.6	3.14	0.086	0.16	7	57.7					
Calc'd Head	100	53.6	12.9	2.69	0.083	0.135	7.2	57.8					
"Strata
-8 +4mm"	"Mass
(%)"	"Fe
(%)"	"SiO2
(%)"	"Al2O3
(%)"	"P
(%)"	"S
(%)"	"LOI-1000
(%)"	"CaFe
(%)"					
Top	2.8	48	13.9	6.15	0.1	0.49	10.5	53.6					
Upper	5.1	52	14.1	2.7	0.09	0.17	8	56.5					
Upper Central	5.7	54.3	12.4	2.37	0.082	0.12	7.4	58.6					
Lower Central	6.3	53.2	15.2	1.89	0.071	0.079	6.5	56.9					
Lower Central	6.2	53	15.6	1.67	0.075	0.066	6.4	56.6					
Bottom	8.7	57.4	10.4	1.3	0.069	0.041	6	61					
Calc'd Head	34.7	53.8	13.4	2.24	0.078	0.12	7	57.9					
"""Strata"													
"-4 +1 mm"""	"Mass
(%)"	"Fe
(%)"	"SiO2
(%)"	"Al2O3
(%)"	"P
(%)"	"S
(%)"	"LOI-1000
(%)"	"CaFe
(%)"					
Top	3.5	48.1	14.9	5.68	0.11	0.3	9.9	53.4					
Upper	4	51.1	13.2	3.8	0.099	0.27	9	56.1					
Upper Central	5.3	53.7	12.1	2.82	0.09	0.17	7.9	58.3					
Lower Central	5.1	54.9	11.5	2.14	0.086	0.1	7.1	59.1					
Lower Central	5.1	54.3	12.1	2.22	0.086	0.11	7.1	58.4					
Bottom	6.7	59	8	1.56	0.073	0.061	5.9	62.7					
Calc'd Head	29.7	54.2	11.5	2.78	0.088	0.152	7.6	58.6					
Strata	Mass	Fe	SiO2	Al2O3	P	S	LOI-1000	CaFe					
-8 +4mm	(%)	(%)	(%)	(%)	(%)	(%)	(%)	(%)					
Top	34.7	53.8	13.4	2.24	0.078	0.12	7	57.9					
Upper	31.9	54.3	13.3	1.9	0.076	0.088	6.7	58.2					
Upper Central	26.9	54.7	13.2	1.75	0.074	0.072	6.5	58.5					
Lower Central	21.2	54.9	13.4	1.58	0.071	0.06	6.3	58.5					
Lower	14.9	55.6	12.6	1.45	0.072	0.051	6.2	59.2					
Bottom	8.7	57.4	10.4	1.3	0.069	0.041	6	61					
Strata -4 +1mm	"Mass
(%)"	Fe (%)	"SiO2
(%)"	"Al2O3
(%)"	P (%)	S (%)	"LOI-1000
(%)"	"CaFe
(%)"					
Top	29.7	54.2	11.5	2.78	0.088	0.152	7.6	58.6					
Upper	26.2	55	11.1	2.4	0.085	0.132	7.2	59.3					
Upper Central	22.2	55.7	10.7	2.15	0.083	0.107	6.9	59.9					
Lower Central	16.9	56.3	10.3	1.94	0.081	0.088	6.6	60.3					
Lower	11.8	57	9.8	1.85	0.079	0.082	6.4	60.9					
Bottom	6.7	59	8	1.56	0.073	0.061	5.9	62.7					
Table Product	"Mass
(%)"	Fe (%)	"SiO2
(%)"	"Al2O3
(%)"	P (%)	S (%)	"LOI-1000
(%)"	"CaFe
(%)"					
Concentrate 1	3.8	65.2	2.53	1	0.048	0.043	3.2	67.3					
Concentrate 2	10	57.3	8.89	1.96	0.078	0.078	6.2	61.1					
Concentrate 3	7.9	51.5	14.3	3.49	0.095	0.17	8	56					
Concentrate 4	3.4	47.8	17.9	4.53	0.096	0.21	8.5	52.3					
Concentrate 5	1.7	46.2	21.7	4.4	0.09	0.14	7.7	50.1					
Concentrate 6	1	48.3	19.9	3.61	0.084	0.1	7	51.9					
Concentrate 7	2	48.5	18.9	3.83	0.089	0.11	7.2	52.3					
Tails	6	51.7	13.9	4.27	0.093	0.15	7.5	55.9					
Calc'd Head	35.7	53.7	12.6	3.09	0.084	0.124	6.9	57.7					
Table Product	"Mass
(%)"	Fe (%)	"SiO2
(%)"	"Al2O3
(%)"	P (%)	S (%)	"LOI-1000
(%)"	"CaFe
(%)"					
Concentrate 1	3.8	65.2	2.5	1	0.048	0.043	3.2	67.3					
Concentrates 1- 2	13.8	59.5	7.2	1.7	0.07	0.068	5.3	62.8					
Concentrates 1- 3	21.6	56.6	9.8	2.35	0.079	0.105	6.3	60.4					
Concentrates 1- 4	25	55.4	10.8	2.64	0.081	0.119	6.6	59.3					
Concentrates 1- 5	26.7	54.8	11.5	2.76	0.082	0.121	6.7	58.7					
Concentrates 1- 6	27.7	54.6	11.8	2.79	0.082	0.12	6.7	58.5					
Concentrates 1- 7	29.7	54.2	12.3	2.86	0.082	0.119	6.7	58.1					
Conc 1-7 plus Tails	35.7	53.7	12.6	3.09	0.084	0.124	6.9	57.7					
Product	"Mass
(%)"	Fe (%)	"SiO2
(%)"	"Al2O3
(%)"	P (%)	S (%)	"LOI-1000
(%)"	"CaFe
(%)"					
Coarse Jig	8.7	57.4	10.4	1.3	0.069	0.041	6	61					
Fine Jig	22.2	55.7	10.7	2.15	0.083	0.107	6.9	59.9					
Table	21.6	56.6	9.8	2.35	0.079	0.105	6.3	60.4					
Total Con	52.5	56.3	10.3	2.09	0.079	0.096	6.5	60.3					
													
													
													
													
													
													
													
Parameter	All Fines												
Width of pile-toe to toe	30 m												
Number of piles	2												
Capacity per pile	"30,000 t"												
Total capacity	"60,000 t"												
Overall length of each pile-longitudinal	80 m												
													
													
													
Deposit	Wireframe	MINZON											
Snark	Mini tr/pt to min58 tr/pt	1 to 58											
Drabble Downs	Min101 tr/pt to min105 tr/pt	101 to 105											
	FE (%)	P (%)	SIO2 (%)	AL2O3(%)	LOI (%)	S (%)							
Samples	3875	3875	3875	3875	3875	3875							
Minimum	10.3	0	0.97	0.22	2.68	0							
Maximum	65.41	0.25	55.83	29.69	20.66	3.65							
Mean	54.79	0.07	8.44	4.54	7.8	0.16							
"Standard
deviation"	6.38	0.03	6.26	3.3	2.08	0.22							
CV	0.12	0.45	0.74	0.73	0.27	1.35							
Variance	40.73	0	39.19	10.88	4.33	0.05							
	FE (%)	P (%)	SIO2 (%)	"AL2O3
(%)"	LOI (%)	S (%)							
Samples	3572	3572	3572	3572	3572	3572							
Minimum	10.3	0	0.97	0.22	2.68	0							
Maximum	65.41	0.25	48.72	29.69	17	2.75							
Mean	54.8	0.08	8.55	4.52	7.7	0.15							
"Standard
deviation"	6.43	0.03	6.27	3.35	2.04	0.2							
CV	0.12	0.45	0.73	0.74	0.27	1.34							
Variance	41.36	0	39.31	11.22	4.15	0.04							
	FE (%)	P (%)	SIO2 (%)	"AL2O3
(%)"	LOI (%)	S (%)							
Samples	303	303	303	303	303	303							
Minimum	22.92	0.01	1.36	0.77	4.36	0.02							
Maximum	64.11	0.23	55.83	17.18	20.66	3.65							
Mean	54.63	0.07	7.16	4.86	8.97	0.3							
"Standard
deviation"	5.77	0.03	6.02	2.62	2.22	0.35							
CV	0.11	0.5	0.84	0.54	0.25	1.16							
Variance	33.29	0	36.19	6.86	4.92	0.12							
	"Log Histogram for S
Domain All"												
»00.			"Weight* IFi
Sid Dev: 0.220
CV; I.S5J"										
7 30		am	"_	‘.I.·."										
"i .
£ *'*'
%	34S·
£
I 3.7*."													
			1	"hi·.	"									
		s (g' l)											
													
Hole Type	Number Probed	Number of Holes Assayed											
Diamond	11	0											
RC	82	54											
	"1
1
J
1
1
1
1"		"FI
Lit"	"E-G
D
Le of n"	"DE
Da
ata Se
jgressi"	"NS
la Set
2: D
on (R"	"IT\
1: Do
omain
= 0.21"	"' Sc
nain a
all GI
0): y"	"att<
11 FE
)ENS
= 0.01"	"er F
TY
2x +"	"•lot
.951"	"o tj
o °"	"O
1	o
jOgj
£oo o
ip ?"
"3
2	T -IS"	"I
1
1
? 1"							o°	"o
o"	"8 °
o O
°o°§c"			
	"1
f
I"					o	o o	o	"<P o
°"				
">1
E—j
V!
1
o"	"1
1
1
1
1"			o	"’	o"	"z>	°
°o"		o	3°	"° 6
o
o
o
c"	"cr
o°
o
o"	"Ip
a"	",o %
o
o"
"|
q"	"1
1
,
f
1
f
i"								o	o			
	"J
1
1
f"											M	
		1	0 1	"5	2"	"0 2
Dc"	"3
>main a"	"0	3
11 FE ("	"5	4
101 va"	"0	4
lues)"	"5	5"	"0	5"	6	0
Variable	Cut	"Number Samples
Cut"	Raw Mean (%)	Cut Mean (%)									
Fe	35 1	69	54.79	54.92									
P	0.2	27	0.075	0.075									
SiO2	32	37	8.44	8.38									
Al2O3	20	31	4.54	4.52									
LOI	-	-	7.8	-									
S	1.8	10	0.163	0.162									
													
Domain	Domain Extent	"Datamine Drill Hole
File"	Number of Samples										
Domain 1	X<782000	cutcmp dom1	393										
Domain 2	X>782000 and X<785200	cutcmp dom2	"2,759"										
Domain 3	X>785200	cutcmp dom3	420										
Domain 4	Drabble Downs	cutcmp dom4	303										
"""Grade"													
"Variable"""	Axes	Direction	Nugget	Sill 1	"Range 1
(m)"	Sill 2	"Range 2
(m)"						
Fe	1	0 to 130	0.2	0.46	33	0.34	109						
	2	-80 to 220			8		16						
	3	-10 to 040			5		10						
P	1	0 to 130	0.13	0.42	47	0.45	195						
	2	-80 to 220			7		28						
	3	-10 to 040			5		21						
S	1	0 to 130	0.1	0.9	115		-						
	2	-80 to 220			32		-						
	3	-10 to 040			15		-						
													
	(True Downhole) : Continuity for P			(Direction 1) 00—>130: Continuity for P									
	Domain Dom 2				Domain Dom 2								
		iTl									—		
	"?*Sph( 0.45,"								"*^Sph(0,45,194.5"		33X0		
5			5										
		•23X0 «5									•23X0 «5		
1	"f +Sph(0.42,5)"		1	j +Sf	"<0.42,46."	)							
0.23-	N( 0.13 )	•10X0	0.23-	N( 0.13 ) 1							•ICXO		
													
				"25	30"	73				"XO	223	230"				
	Sample Separation (m)					Sample Separation (m)							
	"(Direction 2) -80—>220: Continuity for P
Domain Dom 2"			"(Direction 3) -10—>040: Continuity for P
Domain Dom 2"									
		·=»		•									
	"^ge?***’ ^Sph( 0.45, 28.5 )"			N( 0.45 )									
Gamma (0 001)	"""^Sph( 0.42, 7 )"	Pair Counts	Gamma (0 001)	"N( 0.42)	' i“"		Pair Counts							
0.23	N( 0.13 )	10000	0.23-	"N( 0.13)	1	."		ICXO							
	"?l	1	1	l|	|	|	!|	I	I	I"			"-II..	1	. .	.1"									
				"a	X	73	m	123	130	175	2CO	225	251"									
	Sample Separation (m)			Sample Separation (m)									
Block Model Parameters: Model sn0911md													
	X	Y	Z										
Origin	"781,500"	"6,695,500"	390										
Extent	"5,000m"	"3,500m"	160m										
"""Block Size (sub"													
"block)"""	25 (2.5)	25 (2.5)	10 (1.0)										
Attributes:													
MINZON	"Mineralisation domain (1-100 are Snark, >100 are Drabble Downs)"												
TOPO	"In-situ (50), below mineralisation (99)"												
FLAG	Temporary variable to control block domain assignment												
FE	Ordinary Kriged (OK) Fe Grade												
FE IDS	Inverse Distance Squared (IDS) Fe Grade												
SIO2	Ordinary Kriged (OK)SiO2 Grade												
P	Ordinary Kriged (OK) Phosphorus Grade												
AL2O3	Ordinary Kriged (OK) Al2O3 Grade												
S	Ordinary Kriged (OK) Sulphur Grade												
LOI	Ordinary Kriged (OK) LOI Grade												
SLOPE	Theoretical slope of regression; derived from OK Fe block estimate												
KE	Kriging efficiency; derived from OK Fe block estimate												
SRCHVOL	Estimation Pass												
DENSITY	Assigned bulk density												
CLASS	"NI43-101 Classification (1 = Measured, 2 = Indicated, 3 = Inferred).
No measured was assigned to this model."												
All	Composites	OK Estimate											
Fe	54.9	54.7											
P	0.075	0.072											
SiO2	8.4	8.7											
Al2O3	4.5	4.6											
LOI	7.8	7.8											
S	0.16	0.17											
Snark	Composites	OK Estimate											
Fe	54.9	54.7											
P	0.075	0.073											
SiO2	8.5	8.9											
Al2O3	4.5	4.5											
LOI	7.7	7.7											
S	0.15	0.15											
Drabble Downs	Composites	OK Estimate											
Fe	54.7	54.5											
P	0.067	0.06											
SiO2	7.1	7.2											
Al2O3	4.9	5.1											
LOI	9	8.9											
S	0.29	0.36											
													
6695925	6695950	6695975	"o
o
o
CD
cn
CD
CD"	6696025	6696050	6696075	"o
o
CD
cn
CD
CD"	6696125	6696150	6696175	6696200		
						Northing							
													
													
	"Number of
1m samples"	"Fe
%"	"P
%"	"SiO2
%"	"AljO3
%"	"LOI
%"	"S
%"						
Area													
													
Moonshine	198	53.02	0.056	12.25	4.19	5.96	0.156						
Central	498	55.1	0.061	8.19	4.41	7.94	0.14						
Banjo-Lost World	707	55.45	0.065	8.18	4.69	7.24	0.154						
Central Potential	FE	P	SIO2	AL2O3	LOI	S							
DSO intecepts													
Samples	498	498	498	498	498	498							
Minimum	26.13	0.011	0.89	0.65	3.09	0.005							
Maximum	65.65	0.188	28.81	21.6	14.36	1.88							
Mean	55.1	0.061	8.19	4.41	7.94	0.14							
Standard deviation	6.1026	0.0274	4.9711	3.2573	2.2291	0.1612							
CV	0.1107	0.4495	0.6066	0.7386	0.2808	1.1482							
Variance	37.2414	0.0008	24.7114	10.6097	4.9687	0.026							
Skewness	-1.4717	1.1765	1.2718	2.0449	0.1396	4.9007							
Log samples	498	498	498	498	498	498							
Log mean	4.0021	-2.899	1.9212	1.2537	2.0295	-2.3823							
Log variance	0.0157	0.2207	0.3928	0.47	0.0884	0.935							
Geometric mean	54.7099	0.0551	6.829	3.5034	7.6104	0.0923							
10%	48.2	0.029	2.86	1.38	5.05	0.026							
20%	51.6	0.038	4.08	1.98	5.82	0.043							
30%	53	0.046	5.09	2.55	6.52	0.067							
40%	54.5	0.052	6.18	3.02	7.16	0.086							
50%	55.8	0.059	7.17	3.59	7.81	0.102							
60%	57.1	0.065	8.21	4.26	8.51	0.128							
70%	58.4	0.071	9.57	5.07	9.18	0.159							
80%	59.7	0.078	11.8	6.2	10.11	0.195							
90%	62	0.094	14.4	8.07	11.11	0.252							
95%	63.2	0.107	19.27	10.97	11.7	0.335							
97.50%	64.1	0.121	21.08	14.01	12	0.605							
99%	64.6	0.155	25.92	17.32	12.14	0.93							
"""Banjo-Lost World"													
Potential DSO													
"intecepts"""	FE	P	SIO2	AL2O3	LOI	S							
Samples	707	707	707	707	707	706							
Minimum	6.37	0.008	1.09	0.62	2.54	0.005							
Maximum	63.8	0.203	45.9	33.1	19	3.46							
Mean	55.45	0.065	8.18	4.69	7.24	0.154							
Standard deviation	5.3337	0.0265	4.9297	2.8384	1.8072	0.2314							
CV	0.0962	0.4098	0.6029	0.6052	0.2497	1.5001							
Variance	28.4488	0.0007	24.3023	8.0566	3.266	0.0535							
Skewness	-2.6193	1.0197	2.2042	3.2921	0.7245	6.4492							
Log samples	707	707	707	707	707	706							
Log mean	4.0087	-2.8221	1.9442	1.4009	1.9482	-2.369							
Log variance	0.018	0.1777	0.3213	0.2912	0.063	0.9231							
Geometric mean	55.0736	0.0595	6.9879	4.0587	7.016	0.0936							
10%	50.3	0.034	3.42	1.97	5.03	0.029							
20%	52.1	0.043	4.36	2.61	5.69	0.045							
30%	53.3	0.049	5.13	3.08	6.26	0.062							
40%	54.7	0.055	6.16	3.6	6.68	0.076							
50%	56.1	0.061	7.3	4.13	7.1	0.092							
60%	57.5	0.068	8.42	4.77	7.53	0.114							
70%	58.5	0.075	9.77	5.57	8.07	0.145							
80%	59.7	0.085	11.29	6.46	8.64	0.181							
90%	61	0.097	13.5	7.67	9.64	0.308							
95%	61.8	0.111	16.9	8.79	10.25	0.507							
97.50%	62.4	0.132	20.1	10.6	10.93	0.789							
99%	62.9	0.154	24.29	14.1	11.6	1.13							
													
													
Domain	Description	Major Axis	Minor Axis	Semi-Major	Nugget	Sill2	Range1	Range2	Range3				
		Strike	Down-Dip	Across Strike		Outer Variogram range							
Snark	"Fe, P, SiO2,Al2O3,LOI,S"	130	360	90	0.39	0.25	258.5	195	125				
Central	"Fe, P, SiO2,Al2O3,LOI,S"	154	360	90	0.39	0.25	258.5	195	125				
Banjo	"Fe, P, SiO2,Al2O3,LOI,S"	135	360	90	0.39	0.25	258.5	195	125				
													
Gamma (60.355)	"(True Downhole) : Continuity for SI02
Domain Banjo
2.0"	"?5000
?4500
4000
3500
3000 «
H
3
O
2500 ^
•s
FP
2000
1500
1000
500
0"											
	"0.73, 10.5)	.
I	""*Sph(0.17, 10) \j	\
N( 0.3 )
.ini..	"												
	"5	10	15	20	25	30	35	40
Sample Separation (m)"												
(Direction 2) 00—>220: Continuity for SI02													
	Domain Banjo												
1.50-	L*g	5000											
	40												
		4500											
1.25		4000											
	"/ 'Sphi 0.73, 132.5)"												
		3500											
^ 1.00	f—												
	• I	3000 »											
o		3											
0.75-		2500 Cl											
?		"Sh
•s"											
O		2000											
0.5													
	"?*Sph( 0.17, 27.5 )"	1500											
0.25-	N( 0.3 )	1000											
	I	500											
0.00-	"1	"												
													
"0	50	100	150	200	250	300	350	400	450	500"													
	Sample Separation (m)												
Block Model Parameters: Moonshine													
	X	Y	Z										
Origin	"787,500"	"674,000"	180										
Extent	"3,500"	"2,500"	340										
"Block Size (sub
block)"	10m (2m)	10m (2m)	5m (1m)										
Block Model Parameters: Central													
	X	Y	Z										
Origin	"787,000"	"6,678,400"	180										
Extent	"2,500"	"5,600"	340										
"Block Size (sub
block)"	50m (2.5m)	50m (2.5m)	10m (1m)										
Block Model Parameters: Banjo / Lost World													
	X	Y	Z										
Origin	"788,000"	"6,673,400"	300										
Extent	"3,500"	"3,200"	240										
"Block Size (sub
block)"	10m (0.5)	10m (0.5)	5m (0.5m)										
Domain	Description	"Strike
Radius"	"Cross
Strike
Radius"	"Vertical
radius"	"Rotation
1
around Z"	"Rotation
2
around
Y"	"Rotation
3
around
X"	"Min
Samp"	"Max
Samp"	"Max
per Drill
hole"			
Snark	"Fe,P,SiO2,Al2O3,
LOI,S"	150	50	75	130	90	0	10	30	12			
Moonshine	"Fe,P,SiO2,Al2O3,
LOI,S"	285	125	195	140	80	0	12	30	12			
Central	"Fe,P,SiO2,Al2O3,
LOI,S"	150	50	75	154	90	0	10	30	12			
"Banjo-Lost
World"	"Fe,P,SiO2,A2O3,
LOI,S"	150	50	75	135	90	0	10	30	12			
Domain	Description	"Factor
for
Pass 2"	"Min
Samp
Pass 2"	"Max Samp
Pass 2"	"Factor for
Pass 3"	"Min
Samp
Pass 3"	"Max
Samp
Pass 3"						
Snark	"Fe,P,SiO2,A2O3,
LOI,S"	3	8	30	12	8	30						
Moonshine	"Fe,P,SiO2,A 2O3,
LOI,S"	3	8	30	12	8	30						
Central	"Fe,P,SiO2,A 2O3,
LOI,S"	3	8	30	12	8	30						
"Banjo-Lost
World"	"Fe,P,SiO2,A 2O3,
LOI,S"	3	8	30	12	8	30						
Grade	"Type of
Cut"	"Cut
value"	"No. of
samples"	"No. samples
cut"									
Fe	"Bottom
Cut"	40	1680	41									
P	Top cut	0.2	1680	2									
SiO2	Top cut	None	1680										
Al2O3	Top cut	24	1680	5									
S	Top cut	1.1	1680	1									
													
													
													
													
Sample	GDA Easting	GDA Northing	Density g/cm3	Fe %	SiO2 %	Al2O3 %							
DS 01	787893	6675135	3.91	63.7	1.49	0.49							
DS 02	787987	6675032	3.64	60.6	4.96	1.73							
DS 03	788017	6674943	3.53	62	4.33	1.22							
DS 04	788051	6674834	3.58	62.6	1.77	1.47							
DS 05	788102	6674763	3.7	60.1	3.54	1.9							
DS 06	788117	6674720	3.33	60.2	2.05	1.93							
DS 07	788123	6674654	3.73	63.2	1.6	1.25							
DS 08	787984	6674923	3.83	64.1	2.63	0.92							
DS 09	788049	6674809	2.66	57.6	4.52	1.41							
DS 10	788072	6674734	2.89	57.3	4.3	2.55							
DS 11	788135	6674555	2.92	51.3	17	1.45							
DS 16	210883	6675035	3.37	58.1	7.14	2.47							
DS 17	211025	6674903	3.69	61.3	6.25	0.49							
DS 18	211100	6674827	4.05	61.9	4.4	2.6							
DS 19	211175	6674746	3.16	59.6	6.39	1.61							
DS 20	211247	6674679	3.37	59.2	4.6	2.53							
DS 21	211347	6674619	3.58	58.5	4.88	2.76							
DS 22	211395	6674563	3.21	61	5.51	1.27							
DS 23	210693	6675314	3.62	57.1	7.01	5.28							
DS 24	789172	6675885	3.78	61.8	3.06	2.49							
DS 25	789040	6676006	3.89	64.2	1.97	0.99							
DS 26	788805	6676098	3.96	63	2.89	1.75							
DS 27	788933	6676040	3.39	59.9	4.96	3.06							
DS 28	788945	6675950	3.55	62.2	2.16	1.08							
DS 29	788890	6676007	3.36	62.9	2.11	1.71							
DS 30	788832	6675755	3.29	62.5	1.92	0.87							
													
	"Logged
Depth"												
Row Labels		Area											
													
LGRC_109	203.2	Moonshine											
LGRC_118	246.1	Moonshine											
LGRC_148	245.2	Moonshine											
LGRC_156	47.3	Moonshine											
LGRC_185	162.2	Moonshine											
LGRC_186	165.1	Moonshine											
LGRC_190	207.3	Moonshine											
LGRC_192	233.3	Moonshine											
LGRC_199	42.4	Moonshine											
LGRC_200	181	Moonshine											
LGRC_211	195	Moonshine											
		"Density
g/ml"											
LCODE	metres												
													
LL	20	1.7											
BIF	1461	3.1											
BIF/CHT	9	2											
BIF/HEM	18	2.9											
BIF/Qv	16	2.1											
CHT	28	2.8											
CLA/UM	3	1.5											
PRD	18	3											
Qv	16	2.7											
UM	313	2.6											
UM/BIF	10	3											
(blank)	4	3											
Grand Total	1916	3											
													
	At Depth	"Density
g/ml"	Logged										
Hole ID			Dom	Qualifiers									
	m		Lith										
LGDD_001	7.9	2.7	Czsa										
LGDD_001	27	3.6	Aci	hm									
LGDD_001	31.8	2.2		hm go									
LGDD_001	7.2	2.6		fe go hm stain 'possibly tuff									
LGDD_001	8.36	2.4		fe go hm stain 'possibly tuff									
LGDD_001	8.83	2.1		fe go hm stain 'possibly tuff1									
LGDD_001	9.64	3		felsic bx									
LGDD_001	10.1	2.5		felsic bx									
LGDD_001	10.88	2.7		felsic bx									
LGDD_002	0.8	3	Czlt										
LGDD_002	4.5	3.8	Aci	hm go possible dolomite									
LGDD_002	13.9	3.2	fg	BIF hm good enrichment									
LGDD_002	11.95	2.8	fg	BIF hm good enrichment									
LGDD_002	13.5	2.8	fg	BIF hm good enrichment									
LGDD_002	14	3.2	fg	BIF hm good enrichment									
LGDD_002	15	3.2	fg	BIF hm good enrichment									
LGDD_002	16	2.7	fg	BIF hm good enrichment									
LGDD_002	17	2.1	fg	BIF hm good enrichment									
LGDD_002	17.75	2.5	fg	BIF hm good enrichment									
LGDD_002	18.6	2.5	fg	BIF hm good enrichment									
LGDD_002	18.9	2.4	fg	BIF hm good enrichment									
LGDD_002	20	2.6	fg	BIF hm good enrichment									
LGDD_002	20.4	2.8	fg	BIF hm good enrichment									
LGDD_002	22.22	2.8	Aci	hm go									
LGDD_002	23.4	3	Aci	hm go									
LGDD_002	23.7	2.1	Aci	hm go									
LGDD_002	23.7	2.3	Aci	hm go									
LGDD_002	24.5	2.9	Aci	si go very siliceous									
LGDD_003	0.5	2.3	Aci	"hm disturbed with laterite
clasts"									
LGDD_003	34.5	2.6	Aci	hm go									
LGDD_003	53.7	3.3	Aci	fe 'hydrothermal style veining'									
LGDD_003	34.41	2.4	Aci	hm go									
LGDD_003	34.95	2.4	Aci	hm go									
LGDD_003	35.4	2.9	Aci	hm go									
LGDD_003	37.4	2.5	Aci	hm go									
LGDD_003	37.9	2.7	Aci	hm go									
LGDD_003	40.7	2.8	Aci	hm go core loss									
LGDD_004	4.7	2.3	Cy										
LGDD_004	7.4	2.7	Aci	hm									
LGDD_004	18.8	2.8	Aci	hm tf									
													
													
Domain (MINZON)	Classification	Criteria											
All	Indicated	"Blocks above surface
class tr/pt"											
All	Inferred	"Blocks below surface
class_tr/pt"											
Exceptions													
"28, 29, 37, 50, 51, 52, 103, 105"	Inferred	Entire Domain											
101	Indicated	ZC>=490 1											
	Inferred	ZC<490											
102	Indicated	ZC>=480											
	Inferred	ZC<890											
Deposit	Category	Tonnes	Fe %	P %	SiO2 %	M2O3 %	LOI %						
Snark	Indicated	"7,320,000"	55.1	0.07	8.4	4.4	7.7						
	Inferred	"4,110,000"	55.1	0.07	8.7	4.2	7.6						
Drabble Downs	Indicated	"1,310,000"	53.5	0.06	8.1	5.4	9						
	Inferred	"1,380,000"	55.9	0.06	5.9	4.6	8.7						
Banjo - Lost World	Inferred	"5,500,000"	55.7	0.07	8.1	4.7	7.1						
Moonshine	Inferred	"600,000"	52.8	0.06	13.3	3.9	5.8						
Central	Inferred	"4,800,000"	55.2	0.06	8.2	4.5	8						
Total	Indicated	"8,630,000"	54.8	0.07	8.3	4.6	7.9						
	Inferred	"16,390,000"	55.3	0.07	8.3	4.6	7.6						
Fe% Cut	Volume	Tonnes	Fe%	S%	P%	LOI	SI02%	AL203%					
60	"6,106"	"17,708"	60.33	0 058	0.093	5.4	5 22	2.59					
59	"4,606"	"187,358"	59.5	0.099	0.083	6 82	4.5	2 88					
58	"271,925"	"788,583"	58.69	0.136	0 079	7.18	5.21	2 89					
57.5	"396,400"	"1,149,560"	58.4	0.142	0.077	7.2	5 43	3.06					
57	"533,175"	"1,546,208"	58.11	0.143	0.077	7.32	5.56	3.23					
56	"933,850"	"2,708,165"	57.41	0.15	0.077	7.46	6.11	3.53					
55	"1,421,825"	"4,123,293"	56.75	0.155	0.077	7.59	6.64	3 73					
54	"1,973,231"	"5,722,371"	56.11	0.163	0.075	7.69	7 18	4.05					
53	"2,314,169"	"6,711,089"	55.72	0.169	0.074	7.74	7.5	4 21					
52	"2,629,075"	"7,624,318"	55.34	0.173	0.073	7 80	7 84	4 37					
51	"2,801,119"	"8,123,244"	55.11	0 177	0.073	7 81	8.07	4.45					
50	"2,976,300"	"8,631,270"	54 84	0 185	0.072	7.86	8.32	4.55					
													
							-						
													
							#NAME?						
							"c	__"						
						<·?	--						
													
													
":r	"	"e-	"""	"K""'"""					-						
							T						
Fe% Cut	Volume	Tonnes	Fe%	S%	P%	LOI	SI02%	AL203%					
60	425	"1,233"	60.01	0.051	0 091	7.08	3.73	2.57					
59	"39,369"	"114,169"	59 27	0.188	0.07	7 04	4.38	3 10					
58	"265,894"	"771,092"	58.57	213	0 066	7.15	4 88	3.48					
57.5	"348,838"	"1,011,629"	58 38	0 204	0 067	7 19	5 07	3.5					
57	"443,994"	"1,287,582"	58.14	0.192	0.07	7.3	5.26	3.54					
56	"712,106"	"2,065,108"	57.5	0 187	0.07	7 48	5 84	3.7					
55	"1,047,563"	"3,037,931"	56.88	0.175	0 072	7 61	6.39	3.85					
54	"1,377,700"	"3,995,330"	56.31	0.169	0.073	7.65	7 01	3.96					
53	"1,594,644"	"4,624,467"	55.93	0.17	0.073	7.7	7.36	4.09					
52	"1,752,338"	"5,081,779"	55 62	0 177	0.072	7 78	7 60	4 19					
51	"1,815,944"	"5,266,237"	55.48	0.175	0 072	7 79	7.76	4.23					
50	"1,892,300"	"5,487,670"	55.28	0 178	0 072	7.83	7.95	4.3					
													
													
						..7							
													
				f	r'								
	"			
K- ""*"	"?	"	r										
													
Date	Category	Tonnes (Mt)	Fe %	P %	SiO2 %	Al2O3 %	LOI %	S %					
September 2011 1	Indicated	8.6	54.8	0.071	8.32	4.55	7.86	0.185					
	Inferred	16.4	55.3	0.066	8.28	4.57	7.58	0.157					
June 2011 2	Inferred	20.6	55.2	0.069	8.67	4.52	7.52	0.144					
December 2010 3	Inferred	18	55.5	0.067	8.19	4.53	7.5	0.146					
													
													
Area	"Mineable
Quantity (Mt)"	Grade (% Fe)	Waste (Mt)	"Strip Ratio
(t:t)"									
"Snark &
Drabble Downs"	5.8	55.9	11	1.9:1									
Banjo	2.6	56.1	4	1:05:01									
Central	2.1	55.7	4.7	2.2:1									
Total	10.5	55.9	19.6	1.9:1									
Area	"Mineable
Quantity (Mt)"	"Grade
(% Fe)"	"Calcined Grade
(% CaFe)"	"Waste
(Mt)"	"Strip Ratio
(t:t)"								
Snark &	5.8	55.9	60.5	16.7	2.9:1								
Drabble													
Downs													
Banjo	2.6	56.1	60.3	6	2.3:1								
Central	2.1	55.7	60.6	7.1	3.4:1								
Total	10.5	55.9	60.5	29.8	2.8:1								
	Fe (%)	SiO2 (%)	Al2O3%	P (%)	S (%)	LOI (%)							
Specification*	54-56	8	5	0.08	0.18								
Result	55.9	7.5	4.3	0.07	0.16	7.5							
													
													
													
													
Year	2010	2011	2012	2013	2014								
China	482	537	585	626	657								
Japan	92	92	96	98	99								
India	0	0	0	0	0								
Korea	29	34	36	37	37								
Taiwan	13	14	15	15	16								
Other	92	85	84	88	90								
Total	708	762	816	864	899								
Year	2010	2011	2012	2013	2014								
Australia	323	357	384	410	454								
Brazil	214	231	248	273	286								
India	90	85	88	84	64								
S. Africa	21	21	23	25	25								
CIS	8	9	10	10	11								
Other	52	59	63	62	59								
Total	708	762	816	864	899								
	Fe	SiO2	AhO3	P	S	LOI							
Newman	62.5	4.5	2.2	0.08	0.03	2.5	62%Index						
Pilbara Blend	61.5	3.6	2.3	0.08	0.03	5	62%Index						
MAC	61.5	3.6	2.2	0.07	0.02	5	62%Index						
Rocket	58.5	4.2	2.2	0.05	0.03	9.5	62%Index						
PMI	58.5	8	4.9	0.13	0.08	6	62% Index(discount)						
BHP Yandicoogina	58	5	1.7	0.05	0.01	8.5	62% Index						
Sesa Goa	58	6	5	0.1	0.1	5	58% Index						
FMG S Fines	57.5	8	5	0.07	0.06	8.7	62% Index(discount)						
Macarthur Fines	56.8	6.9	3.9	0.07	0.16	7.3							
Robe River	57	5.7	2.5	0.02	0.03	9.5	62% Index(discount)						
													
													
													
													
													
													
													
													
													
													
													
Rate	Description	Rate/ha (minimum)											
1	"Tailings storage facilities, including in-pit disposal, heap/vat
leach, evaporation dams, turkey nest dams, higher risk waste
dumps (e.g. sulphides present, highly erodible or >25m high)."	$18 000											
2	"Lower risk waste dumps, ROM pads, low grade oxide stockpiles,
plant sites, workshops and process water dams."	$15 000											
3	"Camp sites, strip mining (backfilled mining voids), hyper saline
pipelines (>15 000 TDS), causeways, haul roads, sewage ponds
and landfill."	$7 500											
4	"Roads and access tracks, “fresh” water pipelines, laydown areas,
borrow pits and airstrips."	$4 500											
													
													
													
													
													
													
													
													
													
													
													
													
Quantity Unit	TOTAL												
PRE-STRIPPING	"9,500,000"												
MINE SITE PREP. & ROADS	"5,347,161"												
PLANT SITE PREP. & ROADS	"13,624,066"												
STOCKPILING	"9,750,000"												
PROCESSING PLANT FAC.	"13,319,548"												
PROCESSING PLANT SERVICES	"2,800,000"												
ROAD HAULAGE	"10,643,930"												
RAIL HAULAGE	"16,407,183"												
PERMANENT CAMP / VILLAGE	"11,156,727"												
HEAD WORKS & RETICULATION	"1,000,000"												
CONTRACTORS INDIRECTS	"2,806,458"												
OWNERS COSTS	"3,741,945"												
EPCM	"10,290,348"												
CONTINGENCY	"23,387,154"												
TOTAL REPORT:	"133,774,520"												
													
Operation	$/t Shipped												
Mining	14.1												
Processing	2.5												
Road Haulage	14.4												
Rail Haulage	26.3												
Port	8												
Indirects	2												
Total	67.3												
Discount Rate		Sal											
%pa		M											
8													
10													
es	Pre-tax NPV	IRR	Payback										
t	A$m	%	(Nom)										
10.5	248	62	3										
10.5	227	62	3										
Financial Year	Total	Units	2012	2013	2014	2015	2016	2017	2018	2019			
ASSUMPTIONS													
Total ore mined	10.5	mt	0	0.5	2	2	2	2	2	0			
Stripping ratio (Waste:Ore)		xi	0	2.8	2.8	2.8	2.8	2.8	2.8	2.8			
Total Wasteines	29.4	mt	0	1.4	5.6	5.6	5.6	5.6	5.6	0			
Moisture Content		%i		6.00%	6.00%	6.00%	6.00%	6.00%	6.00%	6.0%i			
Grade		%i		55.90%	55.90%	55.90%	55.9%i	55.9%i	55.90%	55.90%			
Process Recovery		%i		100.00%	100.0%i	100.0%i	100.00%	100.00%	100.0%i	100.00%			
Tonnes post processingines	10.5	mt	0	0.5	2	2	2	2	2	0			
Total tonnes post processingi	10.5	mt	0	0.5	2	2	2	2	2	0			
Fines Tonnes Shipped	10.5	mt	0	0	2	2	2	2	2	0.5			
REVENUE													
"Market price (contract, FOB)"		USc/Fe dmtu	270	260	250	240	230	220	210	200			
Iron Ore Price 62% Fe $/t ex-Pi lbara		US $/t	167.4	161.2	155	148.8	142.6	136.4	130.2	124			
Port Penalty FOB Esperance US$/t	3	US $/t											
Fe Penalty US$5/%<62/t	30.5	US $/t											
Sulfur Penalty US$/t	5.35	US $/t											
Iron Ore Price 59.9% Fe $/t ex-Esperance		US $/t	128.55	122.35	116.15	109.95	103.75	97.55	91.35	85.15			
Iron Ore Price 59.9% Fe $/t ex-Esperance		AUS $/t	128.55	127.45	131.99	130.89	129.69	121.94	114.19	106.44			
Fines Revenue	"1,310.60"	A$m	0	0	264	261.8	259.4	243.9	228.4	53.2			
State royalty rate (equivalent % of revenue)				6.50%	7.50%	7.50%	7.50%i	7.50%i	7.50%	7.50%			
State royalty	98.3	A$m	0	0	19.8	19.63	19.45	18.29	17.13	3.99			
Royalty cost per tonne	9.36	A$/ti			9.9	9.82	9.73	9.15	8.56	7.98			
Total Revenue		A$m	0	0	244.2	242.17	239.95	225.61	211.27	49.21			
INVESTMENT CAPITAL													
Total capex	122.1	A$m	0	97.6	24.4	0	0	0	0	"o
o"			
DEPRECIATION													
Opening balance			0	0	78.1	82	61.5	41	20.5	0			
New capex (escalated)			0	97.6	24.4	0	0	0	0	0			
Depreciationi	122.1	A$m	0	19.5	20.5	20.5	20.5	20.5	20.5	0			
Closing balance			0	78.1	82	61.5	41	20.5	0	0			
OPERATING COSTS													
Mining and hauling ore unit cost	4.61	A$/t											
Mining and hauling ore total cost	48.4	A$m	0	2.3	9.2	9.2	9.2	9.2	9.2	0			
Mining and removing waste unit cost	3.4	A$/t											
Mining and removing waste total cost	100	A$m	0	4.8	19	19	19	19	19	0			
Total mining costs	148.4	A$m	0	7.1	28.3	28.3	28.3	28.3	28.3	0			
Mining cost per tonne material moved	3.72	A$/t											
Mining cost per tonne of saleable product	14.13	A$/t											
Processing cost rate	2.5	A$/t											
Total processing costs	26.3	A$m	0	1.3	5	5	5	5	5	0			
Fines Processing cost per Tonne Product	2.5	A$/t											
Road1 cost rate	0.11	A$/t/km											
Road1 Distance	121.1	km											
Road1 costs	77.1	A$m	0	7.3	29.1	29.1	11.6	0	0	0			
Road2 haul distance	136.6	km											
Road2 haul cost rate	0.11	A$/t/km											
Road2 haulage costs	84.3	A$m	0	0	0	0	19.5	32.4	32.4	0			
Rail haul distance	520	km											
Rail haul cost rate	0.05	A$/t/km											
Rail haulage costs	292.3	A$m	0	13.9	55.7	55.7	55.7	55.7	55.7	0			
"Shiploading, port cost and transport material rate"	7.99	A$/t											
Shiploading and Port costs	88.9	A$m	0	0	16.9	16.9	16.9	16.9	16.9	4.2			
Total handling / logistics costs	542.6	A$m	0	21.2	101.7	101.7	103.7	105	105	4.2			
"General overheads, admin, insurance"	21	A$m	0	1	4	4	4	4	4	0			
Total operating costs	738.3	A$m	0	30.5	139	139	141	142.3	142.3	4.2			
Operating cost per tonne (including moisture)	70.31	A$/t		61.02	69.49	69.49	70.48	71.15	71.15				
EBITDA		A$m	0	-30.5	105.2	103.2	99	83.3	69	45			
Outflows													
Capital investment		A$m	0	97.6	24.4	0	0	0	0	0			
Working capital		A$m	0	-2.5	12.8	-0.2	-0.4	-1.4	-1.3	-7.1			
Total operating costs	738.3	A$m	0	30.5	139	139	141	142.3	142.3	4.2			
Total Outflows		A$m	0	125.6	176.2	138.8	140.6	140.9	141	-2.9			
Total Revenue		A$m	0	0	244.2	242.17	239.95	225.61	211.27	49.21			
Pre tax net cashflow		A$m	0	-125.6	68	103.3	99.3	84.7	70.2	52.1			
Cumulative cashflow		A$m	0	-125.6	-57.6	45.7	145	229.7	299.9	352			
Payback on nominal cashflow	3	years											
Discount factor	8.00%	Discount rate:	1	1	0.926	0.857	0.794	0.735	0.681	0.63			
Discounted pre tax net cashflow			0	-126	63	89	79	62	48	33			
Cumulative discounted cashflow			0	-125.6	-62.7	25.9	104.8	167	214.8	247.6			
Payback on discounted cashflow	4	years											
Pre-tax Project NPV	247.6	A$m											
IRR	62%	%											
													
													
Deposit	Category	Tonnes	Fe %	P %	SiO2 %	Al2O3 %	LOI %						
Snark	Indicated	"7,320,000"	55.1	0.07	8.4	4.4	7.7						
	Inferred	"4,110,000"	55.1	0.07	8.7	4.2	7.6						
Drabble Downs	Indicated	"1,310,000"	53.5	0.06	8.1	5.4	9						
	Inferred	"1,380,000"	55.9	0.06	5.9	4.6	8.7						
Banjo - Lost World	Inferred	"5,500,000"	55.7	0.07	8.1	4.7	7.1						
Moonshine5	Inferred	"600,000"	52.8	0.06	13.3	3.9	5.8						
Central	Inferred	"4,800,000"	55.2	0.06	8.2	4.5	8						
Total	Indicated	"8,630,000"	54.8	0.07	8.3	4.6	7.9						
	Inferred	"16,390,000"	55.3	0.07	8.3	4.6	7.6						
													
													
													
													
													
													
													
